{"Apple": {"Openness": 0.9724756993715404, "Conscientiousness": 0.008803703071784075, "Extraversion": 0.4755460648295294, "Agreeableness": 0.23175161333838895, "Emotional range": 2.8003307347646e-05}, "Google": {"Openness": 0.9757712905172262, "Conscientiousness": 0.014651491587183485, "Extraversion": 0.530291669656258, "Agreeableness": 0.19021114303859393, "Emotional range": 1.2605055991321557e-05}, "Amazon": {"Openness": 0.951815474346265, "Conscientiousness": 0.002084929656837542, "Extraversion": 0.4521539173002332, "Agreeableness": 0.045997942369954525, "Emotional range": 1.2621447480931636e-05}, "Uber": {"Openness": 0.9977796462439139, "Conscientiousness": 0.003180919081511302, "Extraversion": 0.5955705045972927, "Agreeableness": 0.16580405276158167, "Emotional range": 5.1191678665296614e-05}, "Microsoft": {"Openness": 0.9999176242318343, "Conscientiousness": 0.01266209184220829, "Extraversion": 0.7172876772268284, "Agreeableness": 0.14234951434180693, "Emotional range": 0.0024381888284779607}, "Intel": {"Openness": 0.9827723894618152, "Conscientiousness": 0.002358853793006377, "Extraversion": 0.4774803771092733, "Agreeableness": 0.06334932794231823, "Emotional range": 8.100708273173218e-06}, "Nintendo": {"Openness": 0.9424064945022531, "Conscientiousness": 0.00586286446373141, "Extraversion": 0.40074974517598955, "Agreeableness": 0.05896050382036916, "Emotional range": 2.8302132888624598e-05}, "Sony": {"Openness": 0.943531077978766, "Conscientiousness": 0.0024611314254228134, "Extraversion": 0.3933592385130831, "Agreeableness": 0.08438354174826396, "Emotional range": 1.596664156666705e-06}}