{"A": {"Openness": 0.9724756993715404, "Conscientiousness": 0.008803703071784075, "Extraversion": 0.4755460648295294, "Agreeableness": 0.23175161333838895, "Emotional range": 2.8003307347646e-05, "Challenge": 0.03496261382432797, "Closeness": 0.6704948683050238, "Curiosity": 0.9856013177224282, "Excitement": 0.2010090743918781, "Harmony": 0.5997448274995819, "Ideal": 0.4059031295332773, "Liberty": 0.14929881676830092, "Love": 0.8242405401385798, "Practicality": 0.2771205734808525, "Self-expression": 0.6041144966705256, "Stability": 0.06465014239701539, "Structure": 3.6382523563860403e-06, "Conservation": 0.02985935484919744, "Openness to change": 0.8259102096280432, "Hedonism": 0.8104841941233827, "Self-enhancement": 0.48254963262110795, "Self-transcendence": 0.8875430322797999}, "B": {"Openness": 0.9757712905172262, "Conscientiousness": 0.014651491587183485, "Extraversion": 0.530291669656258, "Agreeableness": 0.19021114303859393, "Emotional range": 1.2605055991321557e-05, "Challenge": 0.03448039341042497, "Closeness": 0.6194405523589095, "Curiosity": 0.9909053763121205, "Excitement": 0.19308526146342248, "Harmony": 0.7005708183676783, "Ideal": 0.45394127523944616, "Liberty": 0.13057267372330184, "Love": 0.8172503851587689, "Practicality": 0.25346899757523733, "Self-expression": 0.6017350705870758, "Stability": 0.12848020437022, "Structure": 4.532028972992208e-06, "Conservation": 0.03243485474773855, "Openness to change": 0.778658314363508, "Hedonism": 0.8369596388912249, "Self-enhancement": 0.5933119759847646, "Self-transcendence": 0.7809481571259397}, "C": {"Openness": 0.951815474346265, "Conscientiousness": 0.002084929656837542, "Extraversion": 0.4521539173002332, "Agreeableness": 0.045997942369954525, "Emotional range": 1.2621447480931636e-05, "Challenge": 0.03221537020405557, "Closeness": 0.24367112985894512, "Curiosity": 0.7966482925474924, "Excitement": 0.16832487395925705, "Harmony": 0.15738868304010484, "Ideal": 0.28943275520369527, "Liberty": 0.04341723832731054, "Love": 0.557273309748294, "Practicality": 0.3357735368641859, "Self-expression": 0.3348094578757176, "Stability": 0.017138252497869266, "Structure": 7.12826144777523e-08, "Conservation": 0.0029827953434583, "Openness to change": 0.6495278561780863, "Hedonism": 0.8127899710738171, "Self-enhancement": 0.48712729689788997, "Self-transcendence": 0.5493510814603538}, "D": {"Openness": 0.9977796462439139, "Conscientiousness": 0.003180919081511302, "Extraversion": 0.5955705045972927, "Agreeableness": 0.16580405276158167, "Emotional range": 5.1191678665296614e-05, "Challenge": 0.023272950138656934, "Closeness": 0.4517395470918486, "Curiosity": 0.9670354794653946, "Excitement": 0.1218336649199992, "Harmony": 0.3324331199008337, "Ideal": 0.343317417789166, "Liberty": 0.15378181072800157, "Love": 0.7277201756543996, "Practicality": 0.1973799505665192, "Self-expression": 0.546581952841434, "Stability": 0.011653731403243772, "Structure": 4.814042048328915e-08, "Conservation": 0.00206877792025123, "Openness to change": 0.7646348956666711, "Hedonism": 0.7598696942460273, "Self-enhancement": 0.4882599508550902, "Self-transcendence": 0.702601039700351}, "E": {"Openness": 0.9999176242318343, "Conscientiousness": 0.01266209184220829, "Extraversion": 0.7172876772268284, "Agreeableness": 0.14234951434180693, "Emotional range": 0.0024381888284779607, "Challenge": 0.03797255684852291, "Closeness": 0.3356971814877167, "Curiosity": 0.9976727402117782, "Excitement": 0.09676700488450779, "Harmony": 0.36858327753485176, "Ideal": 0.3875048300919409, "Liberty": 0.1172322606998406, "Love": 0.6790977261121882, "Practicality": 0.16579103235376064, "Self-expression": 0.6994735892837217, "Stability": 0.053284493566795876, "Structure": 1.2432482169422165e-05, "Conservation": 0.002668738901718537, "Openness to change": 0.7682538054999211, "Hedonism": 0.6946076379973045, "Self-enhancement": 0.4109711333127258, "Self-transcendence": 0.7261958208676803}, "F": {"Openness": 0.9827723894618152, "Conscientiousness": 0.002358853793006377, "Extraversion": 0.4774803771092733, "Agreeableness": 0.06334932794231823, "Emotional range": 8.100708273173218e-06, "Challenge": 0.0541232253364497, "Closeness": 0.48279759362861685, "Curiosity": 0.9928456842191616, "Excitement": 0.18787019585224035, "Harmony": 0.4843480398297271, "Ideal": 0.3728959405528437, "Liberty": 0.17848529193490997, "Love": 0.7739625531190781, "Practicality": 0.6296891094760296, "Self-expression": 0.8283579016786, "Stability": 0.050803432224872935, "Structure": 1.7533863753693701e-06, "Conservation": 0.007841373446719313, "Openness to change": 0.8589467741485912, "Hedonism": 0.9108351481465966, "Self-enhancement": 0.649056857786583, "Self-transcendence": 0.8850159194057015}, "G": {"Openness": 0.9424064945022531, "Conscientiousness": 0.00586286446373141, "Extraversion": 0.40074974517598955, "Agreeableness": 0.05896050382036916, "Emotional range": 2.8302132888624598e-05, "Challenge": 0.03323421676398558, "Closeness": 0.3466816383578011, "Curiosity": 0.9457886075967716, "Excitement": 0.19225812126137026, "Harmony": 0.4242875590305959, "Ideal": 0.41134575691117503, "Liberty": 0.07805824336657208, "Love": 0.6268309646718431, "Practicality": 0.46079815944876956, "Self-expression": 0.6244698246455708, "Stability": 0.03315880630042545, "Structure": 1.0042386102249168e-05, "Conservation": 0.019507024684806973, "Openness to change": 0.6981013583471294, "Hedonism": 0.7638081176683067, "Self-enhancement": 0.4584800467901383, "Self-transcendence": 0.7115436781848892}, "H": {"Openness": 0.943531077978766, "Conscientiousness": 0.0024611314254228134, "Extraversion": 0.3933592385130831, "Agreeableness": 0.08438354174826396, "Emotional range": 1.596664156666705e-06, "Challenge": 0.012337140288189996, "Closeness": 0.4980949272345405, "Curiosity": 0.9131346327964274, "Excitement": 0.17795835888086725, "Harmony": 0.41926054212281555, "Ideal": 0.233302962386023, "Liberty": 0.07113017966445628, "Love": 0.6872958153090183, "Practicality": 0.23444661438645548, "Self-expression": 0.5665350652010492, "Stability": 0.02864840608527941, "Structure": 2.2449556309478425e-06, "Conservation": 0.01963329546852749, "Openness to change": 0.7092584155138758, "Hedonism": 0.763023383307514, "Self-enhancement": 0.4402232797942423, "Self-transcendence": 0.7530214387794378}}