{"Openness": 0.6679960706341115, "Conscientiousness": 0.0347999068946927, "Extraversion": 0.0014093443522310012, "Agreeableness": 0.14946728678479093, "Emotional range": 0.07903797744611107}