{"Openness": 0.6679960706341115, "Conscientiousness": 0.0347999068946927, "Extraversion": 0.0014093443522310012, "Agreeableness": 0.14946728678479093, "Emotional range": 0.07903797744611107, "Challenge": 0.4804221589166398, "Closeness": 0.2967806648998319, "Curiosity": 0.8866802240718084, "Excitement": 0.2583103105747738, "Harmony": 0.1726306742390662, "Ideal": 0.31424458066812855, "Liberty": 0.26540585242959547, "Love": 0.3961655142356717, "Practicality": 0.04385641849277844, "Self-expression": 0.37494983153099776, "Stability": 0.19711532622057626, "Structure": 0.4376853508123505, "Conservation": 0.05880737263686703, "Openness to change": 0.48191728715197973, "Hedonism": 0.3064428236332317, "Self-enhancement": 0.23812493098315757, "Self-transcendence": 0.8795670189144817}